{
  "project_info": {
    "project_number": "836654275041",
    "project_id": "st-firebase-9e2b8",
    "storage_bucket": "st-firebase-9e2b8.appspot.com"
  },
  "client": [
    {
      "client_info": {
        "mobilesdk_app_id": "1:836654275041:android:1ea14757008db1c85cdaa0",
        "android_client_info": {
          "package_name": "com.example.combine"
        }
      },
      "oauth_client": [
        {
          "client_id": "836654275041-ogiecdoi0n711huotanlsie89r0ph9ln.apps.googleusercontent.com",
          "client_type": 3
        }
      ],
      "api_key": [
        {
          "current_key": "AIzaSyDcJlowy4Tw1YZ0U3zNme_LzUAimNlj9IM"
        }
      ],
      "services": {
        "appinvite_service": {
          "other_platform_oauth_client": [
            {
              "client_id": "836654275041-ogiecdoi0n711huotanlsie89r0ph9ln.apps.googleusercontent.com",
              "client_type": 3
            }
          ]
        }
      }
    },
    {
      "client_info": {
        "mobilesdk_app_id": "1:836654275041:android:d6adcaed33d259455cdaa0",
        "android_client_info": {
          "package_name": "com.example.firebase"
        }
      },
      "oauth_client": [
        {
          "client_id": "836654275041-ogiecdoi0n711huotanlsie89r0ph9ln.apps.googleusercontent.com",
          "client_type": 3
        }
      ],
      "api_key": [
        {
          "current_key": "AIzaSyDcJlowy4Tw1YZ0U3zNme_LzUAimNlj9IM"
        }
      ],
      "services": {
        "appinvite_service": {
          "other_platform_oauth_client": [
            {
              "client_id": "836654275041-ogiecdoi0n711huotanlsie89r0ph9ln.apps.googleusercontent.com",
              "client_type": 3
            }
          ]
        }
      }
    }
  ],
  "configuration_version": "1"
}